# - name:
#   partof:
#   url:
#   location:
#   price: free / [1,2]
#   ticketsonsale:
#   tags:
#     - indoor
#     - outdoor
#     - baby-friendly
#     - sitting
#     - active
#   when:

- name: Utah Premiere Brass Band Concert
  url: http://www.upb.org/concerts
  location: Provo
  price: free
  tags:
    - outdoor
    - sitting
    - music
  when:
    - 2018-06-03
    - 2018-06-10
    - 2018-06-17
    - 2018-06-24

- name: Pioneer Craft Fair
  url: http://www.provopioneervillage.org/2018-craft-fair/
  location: Provo
  price: free
  tags:
    - outdoor
  when:
    - 2018-06-09

#-------------------------------------------
# AF Summer Concert Series
#-------------------------------------------
- name: The Kings of 88
  url: http://www.steeldaysaf.com/summer-concert-series.html
  partof: Summer Concert Series
  location: American Fork
  price: vendors
  tags:
    - outdoor
    - sitting
    - music
  when:
    - 2018-07-30

- name: Radio Motion, Kingston Winter, The Inevitables
  url: http://www.steeldaysaf.com/summer-concert-series.html
  partof: Summer Concert Series
  location: American Fork
  price: vendors
  tags:
    - outdoor
    - sitting
    - music
  when:
    - 2018-07-23

- name: American Fork Symphony
  url: http://www.steeldaysaf.com/summer-concert-series.html
  partof: Summer Concert Series
  location: American Fork
  price: vendors
  tags:
    - outdoor
    - sitting
    - music
  when:
    - 2018-07-16

- name: Hooligans Brass Band, Vicious Beat, Soul Research Foundation
  url: http://www.steeldaysaf.com/summer-concert-series.html
  partof: Summer Concert Series
  location: American Fork
  price: vendors
  tags:
    - outdoor
    - sitting
    - music
  when:
    - 2018-07-09

- name: Wasatch Winds and AFHS Marching Band
  url: http://www.steeldaysaf.com/summer-concert-series.html
  partof: Summer Concert Series
  location: American Fork
  price: vendors
  tags:
    - outdoor
    - sitting
    - music
  when:
    - 2018-07-02

- name: "The Fabulous Flynn'sTones"
  url: http://www.steeldaysaf.com/summer-concert-series.html
  partof: Summer Concert Series
  location: American Fork
  price: vendors
  tags:
    - outdoor
    - sitting
    - music
  when:
    - 2018-06-25

- name: Timpanogos Symphony
  url: http://www.steeldaysaf.com/summer-concert-series.html
  partof: Summer Concert Series
  location: American Fork
  price: vendors
  tags:
    - outdoor
    - sitting
    - music
  when:
    - 2018-06-18

- name: Timpanogos Chorale and Wasatch Show Band
  url: http://www.steeldaysaf.com/summer-concert-series.html
  partof: Summer Concert Series
  location: American Fork
  price: vendors
  tags:
    - outdoor
    - sitting
    - music
  when:
    - 2018-06-11

- name: Joshua Creek
  url: http://www.steeldaysaf.com/summer-concert-series.html
  partof: Summer Concert Series
  location: American Fork
  price: vendors
  tags:
    - outdoor
    - sitting
    - music
  when:
    - 2018-06-04

- name: Juab County Fair
  url: http://www.juabcountyfair.com/
  location: Nephi
  price: vendors
  tags:
    - outdoor
  when:
    - 2018-08-06
    - 2018-08-07
    - 2018-08-08
    - 2018-08-09
    - 2018-08-10
    - 2018-08-11
- name: Demolition Derby
  url: http://www.gohebervalley.com/Demolition-Derby-39655
  location: Heber
  price: '?'
  tags:
    - sitting
  when:
    - 2018-07-27
    - 2018-07-28

- name: World Folkfest
  partof: World Folkfest
  url: http://www.worldfolkfest.dreamhosters.com/
  location: Springville
  price: [6,10]
  tags:
    - outdoor
    - sitting
  when:
    - 2018-07-30
    - 2018-07-31
    - 2018-08-01
    - 2018-08-02
    - 2018-08-03
    - 2018-08-04
#-------------------------------------------
# Spanish Fork Fiesta Days
#-------------------------------------------
- name: Spanish Fork Fiesta Days
  url: https://www.spanishfork.org/residents/news_and_events/fiesta_days/calendar.php
  location: Spanish Fork
  when:
    - 2018-07-13
    - 2018-07-14
    - 2018-07-17
    - 2018-07-18
    - 2018-07-19
    - 2018-07-20
    - 2018-07-21
    - 2018-07-22
    - 2018-07-23
    - 2018-07-24
  tags:
    - indoor
    - outdoor
    - active
    - sitting
- name: Spamalot
  url: http://www.sfctonline.org/
  price: [8, 10]
  tags:
    - indoor
    - sitting
    - theater
  when:
    - 2018-07-20
    - 2018-07-21
    - 2018-07-23
    - 2018-07-24
    - 2018-07-26
    - 2018-07-27
    - 2018-07-28
- name: Harvest Moon Hurrah
  url: https://www.spanishfork.org/departments/parks_and_recreation/arts/harvest_moon_hurrah.php
  location: Spanish Fork
  price: vendors
  when:
    - 2018-09-16
  tags:
    - outdoor
    - sitting
    - music


#-------------------------------------------
# Utah County Fair
#-------------------------------------------
- name: Utah County Fair
  url: http://www.utahcountyfair.org/schedule.html
  location: Spanish Fork
  when:
    - 2018-08-15
    - 2018-08-16
    - 2018-08-17
    - 2018-08-18
  price: vendors
  tags:
    - outdoor
    - indoor
    - active
    - sitting
- name: Bullfighting
  url: 'http://www.utahcountyfair.org/'
  location: Spanish Fork
  partof: Utah County Fair
  minage: null
  when:
    - '2018-08-15'
  tags:
    - outdoor
    - sitting
  price: '?'
- name: Rodeo
  url: 'http://www.utahcountyfair.org/'
  location: Spanish Fork
  partof: Utah County Fair
  minage: null
  when:
    - '2018-08-16'
  tags:
    - outdoor
    - sitting
  price: free
- name: Monster Trucks
  url: 'http://www.utahcountyfair.org/'
  location: Spanish Fork
  partof: Utah County Fair
  minage: null
  when:
    - '2018-08-17'
  tags:
    - outdoor
    - sitting
  price: '?'
- name: Demolition Derby
  url: 'http://www.utahcountyfair.org/'
  location: Spanish Fork
  partof: Utah County Fair
  minage: null
  when:
    - '2018-08-18'
  tags:
    - outdoor
    - sitting
  price: '?'

#-------------------------------------------
# Scera
#-------------------------------------------
- name: Megan Hilty + Utah Valley Symphony
  url: 'https://scera.org/events/megan-hilty-with-the-utah-valley-symphony/'
  location: Orem
  partof: Scera
  minage: null
  when:
    - '2018-09-01'
  tags:
    - outdoor
    - sitting
  price:
    - 20
    - 40
- name: Larry Gatlin & The Gatlin Brothers
  url: 'https://scera.org/events/larry-gatlin-the-gatlin-brothers/'
  location: Orem
  partof: Scera
  minage: null
  when:
    - '2018-08-27'
  tags:
    - outdoor
    - sitting
  price:
    - 20
    - 40
- name: Kenneth Cope Fireside
  url: 'https://scera.org/events/kenneth-cope-2/'
  location: Orem
  partof: Scera
  minage: null
  when:
    - '2018-08-26'
  tags:
    - outdoor
    - sitting
  price: free
- name: 13th Annual Dancing Under the Stars
  url: 'https://scera.org/events/dancing-under-the-stars/'
  location: Orem
  partof: Scera
  minage: null
  when:
    - '2018-08-24'
    - '2018-08-25'
  tags:
    - outdoor
    - sitting
  price:
    - 15
    - 35
- name: Under the Streetlamp (retro vocal group)
  url: 'https://scera.org/events/under-the-streetlamp/'
  location: Orem
  partof: Scera
  minage: null
  when:
    - '2018-08-20'
  tags:
    - outdoor
    - sitting
  price:
    - 15
    - 35
- name: Bye Bye Birdie
  url: 'https://scera.org/events/bye-bye-birdie/'
  location: Orem
  partof: Scera
  minage: null
  when:
    - '2018-08-03'
    - '2018-08-04'
    - '2018-08-06'
    - '2018-08-07'
    - '2018-08-09'
    - '2018-08-10'
    - '2018-08-11'
    - '2018-08-13'
    - '2018-08-14'
    - '2018-08-16'
    - '2018-08-17'
    - '2018-08-18'
  tags:
    - outdoor
    - sitting
    - theater
  price:
    - 10
    - 16

- name: The Commodores' Experience w/ Thomas McClary
  url: 'https://scera.org/events/the-commodores-experience/'
  location: Orem
  partof: Scera
  minage: null
  when:
    - '2018-07-23'
  tags:
    - outdoor
    - sitting
  price:
    - 15
    - 35

- name: 'Big River: The Adventures of Huckleberry Finn'
  url: 'https://scera.org/events/big-river/'
  location: Orem
  partof: Scera
  minage: null
  when:
    - '2018-07-06'
    - '2018-07-07'
    - '2018-07-09'
    - '2018-07-10'
    - '2018-07-12'
    - '2018-07-13'
    - '2018-07-14'
    - '2018-07-16'
    - '2018-07-17'
    - '2018-07-19'
    - '2018-07-20'
    - '2018-07-21'
  tags:
    - outdoor
    - sitting
    - theater
  price:
    - 10
    - 16

- name: Steve Augeri - Journey former lead vocalist
  url: 'https://scera.org/events/journey-former-lead-vocalist-steve-augeri/'
  location: Orem
  partof: Scera
  minage: null
  when:
    - '2018-06-25'
  tags:
    - outdoor
    - sitting
  price:
    - 15
    - 30
- name: 'Outdoor Movie: Monty Python & the Holy Grail'
  url: https://scera.org/events/monty-python-the-holy-grail/
  location: Orem
  partof: Scera
  when:
    - '2018-08-15'
  tags:
    - outdoor
    - sitting
  price:
    - 3
    - 4
- name: 'Outdoor Movie: Close Encounters of the Third Kind'
  url: https://scera.org/events/close-encounters-of-the-third-kind/
  location: Orem
  partof: Scera
  when:
    - '2018-08-08'
  tags:
    - outdoor
    - sitting
  price:
    - 3
    - 4
- name: 'Outdoor Movie: Coco'
  url: https://scera.org/events/coco/
  location: Orem
  partof: Scera
  when:
    - '2018-07-18'
  tags:
    - outdoor
    - sitting
  price:
    - 3
    - 4
- name: 'Outdoor Movie: Star Wars, The Last Jedi'
  url: https://scera.org/events/star-wars-the-last-jedi/
  location: Orem
  partof: Scera
  when:
    - '2018-07-11'
  tags:
    - outdoor
    - sitting
  price:
    - 3
    - 4
- name: 'Outdoor Movie: Matilda'
  url: https://scera.org/events/matilda/
  location: Orem
  partof: Scera
  when:
    - '2018-06-20'
  tags:
    - outdoor
    - sitting
  price:
    - 3
    - 4
- name: 'Outdoor Movie: The Greatest Showman'
  url: 'https://scera.org/events/the-greatest-showman/'
  location: Orem
  partof: Scera
  when:
    - '2018-06-13'
  tags:
    - outdoor
    - sitting
  price:
    - 3
    - 4
- name: Shrek the Musical
  url: 'https://scera.org/events/shrek-the-musical/'
  location: Orem
  partof: Scera
  when:
    - '2018-06-08'
    - '2018-06-09'
    - '2018-06-11'
    - '2018-06-12'
    - '2018-06-14'
    - '2018-06-15'
    - '2018-06-16'
    - '2018-06-18'
    - '2018-06-19'
    - '2018-06-21'
    - '2018-06-22'
    - '2018-06-23'
  tags:
    - outdoor
    - sitting
    - theater
  price:
    - 10
    - 14

- name: Night Garden Hikes
  url: https://cart.thanksgivingpoint.org/single/SelectSeating.aspx?p=60468
  location: Lehi
  price: [12,15]
  tags:
    - outdoor
  when:
    - 2018-05-23
    - 2018-06-27
    - 2018-07-25
- name: Saratoga Springs Splash Days
  url: https://www.saratogaspringscity.com/561/Splash-Days
  location: Saratoga Springs
  price: vendors
  tags:
    - outdoor
  when:
    - 2018-06-04
    - 2018-06-05
    - 2018-06-06
    - 2018-06-07
    - 2018-06-08
    - 2018-06-09
- name: Cedar Hills Family Festival
  url: http://www.cedarhills.org/news-events/family-festival
  location: Cedar Hills
  price: vendors
  tags:
    - outdoor
    - baby-friendly
  when:
    - 2018-06-04
    - 2018-06-05
    - 2018-06-06
    - 2018-06-07
    - 2018-06-08
    - 2018-06-09
- name: Astrofest
  url: http://www.physics.byu.edu/clubs/astrosoc/astrofest-new/
  location: Provo
  price: free
  tags:
    - indoor
    - outdoor
    - active
    - sitting
  when:
    - 2018-05-19

- name: The BFG
  partof: Movies Under the Stars
  url: https://paysonutah.org/events/movies-in-the-park
  location: Payson
  price: free
  tags:
    - outdoor
    - sitting
  when:
    - 2018-09-15
- name: Moana
  partof: Movies Under the Stars
  url: https://paysonutah.org/events/movies-in-the-park
  location: Payson
  price: free
  tags:
    - outdoor
    - sitting
  when:
    - 2018-08-18
- name: Finding Dory
  partof: Movies Under the Stars
  url: https://paysonutah.org/events/movies-in-the-park
  location: Payson
  price: free
  tags:
    - outdoor
    - sitting
  when:
    - 2018-07-14
- name: The Secret Life of Pets
  partof: Movies Under the Stars
  url: https://paysonutah.org/events/movies-in-the-park
  location: Payson
  price: free
  tags:
    - outdoor
    - sitting
  when:
    - 2018-06-16
- name: Payson Golden Onion Days
  url: https://paysonutah.org/events/golden-onion-days
  location: Payson
  price: vendors
  tags:
    - outdoor
  when:
    - 2018-08-31
    - 2018-09-01
    - 2018-09-02
    - 2018-09-03
    - 2018-09-04
#------------------------------------------------------------
# Scottish Festivals
#------------------------------------------------------------
- name: Payson Scottish Festival
  url: http://paysonscottishfestival.org/
  location: Payson
  price: free
  tags:
    - outdoor
  when:
    - 2018-07-13
    - 2018-07-14
#------------------------------------------------------------
# Art City Days
#------------------------------------------------------------
- name: Rodeo
  partof: Art City Days
  url: https://www.springville.org/art-city-days/
  location: Springville
  price: free
  tags:
    - outdoor
    - baby-friendly
    - sitting
  when:
    - 2018-06-02
- name: Talent Festival
  partof: Art City Days
  url: https://www.springville.org/art-city-days/
  location: Springville
  price: free
  tags:
    - active
  when:
    - 2018-06-02
- name: Eye Spy Photo Hunt
  partof: Art City Days
  url: https://www.springville.org/art-city-days/
  location: Springville
  price: free
  tags:
    - outdoor
    - baby-friendly
    - active
  when:
    - 2018-06-04
- name: Medallion Treasure Hunt
  partof: Art City Days
  url: https://www.springville.org/art-city-days/
  location: Springville
  price: free
  tags:
    - outdoor
    - baby-friendly
    - active
  when:
    - 2018-06-04
    - 2018-06-05
    - 2018-06-06
    - 2018-06-07
    - 2018-06-08
- name: Kindy 500
  partof: Art City Days
  url: https://www.springville.org/art-city-days/
  location: Springville
  price: free
  tags:
    - indoor
    - outdoor
    - baby-friendly
    - sitting
    - active
  when:
    - 2018-06-04
- name: 'Outdoor Movie: Beauty and the Beast'
  partof: Art City Days
  url: https://www.springville.org/art-city-days/
  location: Springville
  price: free
  tags:
    - outdoor
    - sitting
  when:
    - 2018-06-04
- name: Carnival
  partof: Art City Days
  url: https://www.springville.org/art-city-days/
  location: Springville
  price: vendors
  tags:
    - outdoor
    - baby-friendly
    - active
  when:
    - 2018-06-06
    - 2018-06-07
    - 2018-06-08
    - 2018-06-09
- name: Fireman's Breakfast
  partof: Art City Days
  url: https://www.springville.org/art-city-days/
  location: Springville
  price:
  tags:
    - outdoor
    - sitting
  when:
    - 2018-06-07
    - 2018-06-08
    - 2018-06-09
- name: Fun-A-Rama
  partof: Art City Days
  url: https://www.springville.org/art-city-days/
  location: Springville
  price: free
  tags:
    - outdoor
    - active
  when:
    - 2018-06-07
- name: Battle of the Bands
  partof: Art City Days
  url: https://www.springville.org/art-city-days/
  location: Springville
  price: free
  tags:
    - sitting
  when:
    - 2018-06-07
- name: Hot Air Balloon Fest
  partof: Art City Days
  url: https://www.springville.org/art-city-days/
  location: Springville
  price: free
  tags:
    - outdoor
    - baby-friendly
  when:
    - 2018-06-08
    - 2018-06-09
- name: Quilt Show
  partof: Art City Days
  url: https://www.springville.org/art-city-days/
  location: Springville
  price: free
  tags:
    - indoor
  when:
    - 2018-06-08
    - 2018-06-09
- name: Children's Parade
  partof: Art City Days
  url: https://www.springville.org/art-city-days/
  location: Springville
  price: free
  tags:
    - outdoor
  when:
    - 2018-06-08
- name: Children's Art Festival
  partof: Art City Days
  url: https://www.springville.org/art-city-days/
  location: Springville
  price: free
  tags:
    - indoor
  when:
    - 2018-06-08
- name: Parade
  partof: Art City Days
  url: https://www.springville.org/art-city-days/
  location: Springville
  price: free
  tags:
    - outdoor
    - sitting
  when:
    - 2018-06-09
- name: Car Show
  partof: Art City Days
  url: https://www.springville.org/art-city-days/
  location: Springville
  price: free
  tags:
    - outdoor
  when:
    - 2018-06-09
- name: Motorcycle Show
  partof: Art City Days
  url: https://www.springville.org/art-city-days/
  location: Springville
  price: free
  tags:
    - outdoor
  when:
    - 2018-06-09
- name: Duct Tape Regatta
  partof: Art City Days
  url: https://www.springville.org/art-city-days/
  location: Springville
  price: free
  tags:
    - outdoor
    - active
  when:
    - 2018-06-09
- name: Outdoor Concert
  partof: Art City Days
  url: https://www.springville.org/art-city-days/
  location: Springville
  price: free
  tags:
    - outdoor
    - sitting
  when:
    - 2018-06-09
- name: Fireworks
  partof: Art City Days
  url: https://www.springville.org/art-city-days/
  location: Springville
  price: free
  tags:
    - outdoor
    - sitting
  when:
    - 2018-06-09

#------------------------------------------------------------
# Lindon Days
#------------------------------------------------------------
- name: Car Show
  partof: Lindon Days
  location: Lindon
  url: http://www.lindoncity.org/lindon-days.htm
  price: free
  tags:
    - outdoor
  when:
    - Aug 6, 2018
- name: Night Out Against Crime + Ice Cream Social
  partof: Lindon Days
  url: http://www.lindoncity.org/lindon-days.htm
  location: Lindon
  price: free
  tags:
    - outdoor
    - baby-friendly
  when:
    - Aug 7, 2018
- name: 'Move in the Park: Coco'
  partof: Lindon Days
  url: http://www.lindoncity.org/lindon-days.htm
  location: Lindon
  price: free
  tags:
    - outdoor
    - sitting
  when:
    - Aug 7, 2018
- name: Huck Finn Fishing
  partof: Lindon Days
  url: http://www.lindoncity.org/lindon-days.htm
  location: Lindon
  price: free
  tags:
    - outdoor
    - active
  when:
    - Aug 8, 2018
- name: Cardboard Boat Regatta
  partof: Lindon Days
  url: http://www.lindoncity.org/lindon-days.htm
  location: Lindon
  price: free
  tags:
    - outdoor
    - active
    - sitting
  when:
    - Aug 9, 2018
- name: Free Swim, Lazy River Duck Race, Dime Dive
  partof: Lindon Days
  url: http://www.lindoncity.org/lindon-days.htm
  location: Lindon
  price: free
  tags:
    - outdoor
    - active
  when:
    - Aug 9, 2018
- name: Flag retirement
  partof: Lindon Days
  url: http://www.lindoncity.org/lindon-days.htm
  location: Lindon
  price: free
  tags:
    - outdoor
    - active
    - sitting
  when:
    - Aug 9, 2018
- name: Horse Show
  partof: Lindon Days
  url: http://www.lindoncity.org/lindon-days.htm
  location: Lindon
  price: [0,3]
  tags:
    - outdoor
    - active
    - sitting
  when:
    - Aug 9, 2018
- name: Video Game Tournament
  partof: Lindon Days
  url: http://www.lindoncity.org/lindon-days.htm
  location: Lindon
  price:
  tags:
    - indoor
    - sitting
  when:
    - Aug 10, 2018
- name: Jr. Rodeo
  partof: Lindon Days
  url: http://www.lindoncity.org/lindon-days.htm
  location: Lindon
  price: 5
  tags:
    - outdoor
    - sitting
  when:
    - Aug 10, 2018
- name: "Mayor's Breakfast"
  partof: Lindon Days
  url: http://www.lindoncity.org/lindon-days.htm
  location: Lindon
  price: [2,5]
  tags:
    - outdoor
    - sitting
  when:
    - Aug 11, 2018
- name: Parade"
  partof: Lindon Days
  url: http://www.lindoncity.org/lindon-days.htm
  location: Lindon
  price: free
  tags:
    - outdoor
    - sitting
  when:
    - Aug 11, 2018
- name: Fair
  partof: Lindon Days
  url: http://www.lindoncity.org/lindon-days.htm
  location: Lindon
  price: vendors
  tags:
    - outdoor
    - sitting
    - active
  when:
    - Aug 11, 2018
- name: Outdoor Concert - The Salamanders
  partof: Lindon Days
  url: http://www.lindoncity.org/lindon-days.htm
  location: Lindon
  price: free
  tags:
    - outdoor
    - sitting
  when:
    - Aug 11, 2018
- name: Fireworks
  partof: Lindon Days
  url: http://www.lindoncity.org/lindon-days.htm
  location: Lindon
  price: free
  tags:
    - outdoor
    - sitting
  when:
    - Aug 11, 2018
#------------------------------------------------------------
# BYU Arts
#------------------------------------------------------------
- name: Anne of Green Gables
  when:
    - 2018-06-01
    - 2018-06-02
    - 2018-06-03
    - 2018-06-04
    - 2018-06-05
    - 2018-06-06
    - 2018-06-07
    - 2018-06-07
    - 2018-06-08
    - 2018-06-09
    - 2018-06-09
    - 2018-06-10
    - 2018-06-11
    - 2018-06-12
    - 2018-06-13
    - 2018-06-13
    - 2018-06-14
    - 2018-06-15
    - 2018-06-15
  url: https://arts.byu.edu/event/anne-of-green-gables/2018-06-01/
  price: [7,13]
  minage: 6
  tags:
    - indoor
    - sitting
    - theater
  location: Provo
- name: Student Recital Matthew Baird
  when:
    - 2018-06-05
  url: https://arts.byu.edu/event/student-recital-matthew-baird/
  tags:
    - indoor
    - sitting
    - music
  location: Provo
  price: free
- name: "Spring Opera: The Mikado"
  location: Provo
  when:
    - 2018-06-13
    - 2018-06-14
    - 2018-06-15
  minage: 6
  price: 7
  url: https://arts.byu.edu/event/the-mikado/2018-06-14/
  tags:
    - music
    - indoor
    - sitting
    - theater
- name: "Coco w/ film's director"
  url: https://arts.byu.edu/bravo-2018-19-season/
  location: Provo
  price:
  tags:
    - indoor
    - sitting
  when:
    - 2018-09-14


#------------------------------------------------------------
# Steel Days
#------------------------------------------------------------
- name: Horseshoe Tournament
  partof: Steel Days
  url: http://www.steeldaysaf.com/events.html
  location: American Fork
  tags:
    - outdoor
    - active
  when:
    - Friday, July 13th
- name: Car Show 
  partof: Steel Days
  url: http://www.steeldaysaf.com/events.html
  location: American Fork
  tags:
    - outdoor
  when:
    - Saturday, July 14th
- name: American Fork Symphony Concert
  partof: Steel Days
  url: http://www.steeldaysaf.com/events.html
  location: American Fork
  price: free
  tags:
    - outdoor
    - sitting
    - music
  when:
    - Monday, July 16th
- name: Baby Contest
  partof: Steel Days
  url: http://www.steeldaysaf.com/events.html
  location: American Fork
  price: free
  tags:
    - outdoor
    - sitting
    - baby-friendly
  when:
    - Tuesday, July 17th
- name: Kickball Tournament
  partof: Steel Days
  url: http://www.steeldaysaf.com/events.html
  location: American Fork
  price:
  tags:
    - outdoor
    - active
  when:
    - Tuesday, July 17th
- name: Quilt Show
  partof: Steel Days
  url: http://www.steeldaysaf.com/events.html
  location: American Fork
  price: free
  tags:
    - indoor
  when:
    - Thursday, July 19th
    - Friday, July 20th
    - Saturday, July 21st
- name: Art Show
  partof: Steel Days
  url: http://www.steeldaysaf.com/events.html
  location: American Fork
  price: free
  tags:
    - indoor
  when:
    - Thursday, July 19th
    - Friday July 20th
    - Saturday, July 21st
- name: Carnival
  partof: Steel Days
  url: http://www.steeldaysaf.com/events.html
  location: American Fork
  price: vendors
  tags:
    - outdoor
    - active
  when:
    - Thursday, July 19th
    - Friday, July 20th
    - Saturday, July 21st
- name: Tea with the Queen
  partof: Steel Days
  url: http://www.steeldaysaf.com/events.html
  location: American Fork
  price:
  when:
    - Thursday, July 19th
- name: Soap Box Derby
  partof: Steel Days
  url: http://www.steeldaysaf.com/events.html
  location: American Fork
  price:
  tags:
    - outdoor
    - active
  when:
    - Thursday, July 19th
- name: Movie in the Park
  partof: Steel Days
  url: http://www.steeldaysaf.com/events.html
  location: American Fork
  price:
  tags:
    - outdoor
    - sitting
  when:
    - Friday, July 20th
- name: Marching Band Breakfast
  partof: Steel Days
  url: http://www.steeldaysaf.com/events.html
  location: American Fork
  price:
  tags:
    - outdoor
    - sitting
  when:
    - Saturday, July 21st
- name: Grand Parade
  partof: Steel Days
  url: http://www.steeldaysaf.com/events.html
  location: American Fork
  price: free
  tags:
    - outdoor
    - sitting
  when:
    - Saturday, July 21st
- name: Fair
  partof: Steel Days
  url: http://www.steeldaysaf.com/events.html
  location: American Fork
  price:
  tags:
    - outdoor
    - active
  when:
    - Saturday, July 21st

#------------------------------------------------------------
# Strawberry Days
#------------------------------------------------------------
- name: Pet show
  partof: Strawberry Days
  url: http://www.strawberrydays.org/pet-show/
  location: Pleasant Grove
  price: free
  tags:
    - outdoor
    - active
  when:
    - 2018-06-22
- name: Carnival
  partof: Strawberry Days
  url: http://www.strawberrydays.org/city-of-fun-carnival/
  location: Pleasant Grove
  price: vendors
  tags:
    - outdoor
    - active
  when:
    - 2018-06-20
    - 2018-06-21
    - 2018-06-22
    - 2018-06-23
- name: Concert in the Park
  partof: Strawberry Days
  url: http://www.strawberrydays.org/music/
  location: Pleasant Grove
  price: free
  tags:
    - outdoor
    - sitting
  when:
    - 2018-06-17
    - 2018-06-19
    - 2018-06-24
- name: Rodeo
  partof: Strawberry Days
  url: https://www.strawberrydaysrodeo.com/
  location: Pleasant Grove
  price: $
  tags:
    - outdoor
    - sitting
  when:
    - 2018-06-20
    - 2018-06-21
    - 2018-06-22
    - 2018-06-23
#------------------------------------------------------------
# ProvoCityEvents.com
#------------------------------------------------------------
- name: ProvoServes Picnic
  url: https://www.provocityevents.com/calendar
  location: Provo
  price: free
  tags:
    - outdoor
    - active
  when:
    - 2018-06-16
- name: Utah Lake Festival
  url: http://utahlakecommission.org/utah-lake-festival/
  location: Provo
  price: free
  tags:
    - outdoor
    - active
  when:
    - 2018-06-02
- name: "Movies in the Park: Greatest Showman"
  url: https://www.provo.org/community/events-in-provo/movies-in-the-park
  location: Provo
  price: vendors
  tags:
    - outdoor
    - sitting
    - active
  when:
    - 2018-06-25
- name: "Movies in the Park: Despicable Me"
  url: https://www.provo.org/community/events-in-provo/movies-in-the-park
  location: Provo
  price: vendors
  tags:
    - outdoor
    - sitting
    - active
  when:
    - 2018-06-18
- name: "Movies in the Park: Megamind"
  url: https://www.provo.org/community/events-in-provo/movies-in-the-park
  location: Provo
  price: vendors
  tags:
    - outdoor
    - sitting
    - active
  when:
    - 2018-06-11
- name: "Movies in the Park: How to Train Your Dragon"
  url: https://www.provo.org/community/events-in-provo/movies-in-the-park
  location: Provo
  price: vendors
  tags:
    - outdoor
    - sitting
    - active
  when:
    - 2018-06-04
- name: "Dive in Movie: Wreck It Ralph"
  url: https://www.provocityevents.com/
  location: Provo
  price: [0, 5]
  tags:
    - outdoor
    - sitting
    - active
  when:
    - 2018-06-29
- name: "Dive in Movie: Coco"
  url: https://www.provocityevents.com/single-post/2018/05/02/Dive-in-Movie-COCO
  location: Provo
  price: [0, 5]
  tags:
    - outdoor
    - sitting
    - active
  when:
    - 2018-05-25


#------------------------------------------------------------
# Central Utah Gardens
#------------------------------------------------------------
- name: Water Festival
  url: http://www.centralutahgardens.org/events.htm
  location: Orem
  price: vendors
  tags:
    - outdoor
    - active
  when:
    - 2018-05-26
- name: Evening with a Magician
  url: http://www.centralutahgardens.org/events.htm
  location: Orem
  price: free
  tags:
    - outdoor
    - sitting
  when:
    - 2018-08-13
- name: Comedy Night at Gardens
  url: http://www.centralutahgardens.org/events.htm
  location: Orem
  price: free
  tags:
    - outdoor
    - sitting
  when:
    - 2018-09-10
- name: Pumpkin Walk
  url: http://www.centralutahgardens.org/events.htm
  location: Orem
  price: free
  tags:
    - outdoor
    - baby-friendly
    - active
  when:
    - 2018-10-27


- name: Bikes and Trikes Festival
  url: https://www.utahvalley.com/event/bikes-and-trikes-festival/23238/
  location: Provo
  price: vendors
  tags:
    - outdoor
    - active
  when:
    - 2018-05-26
- name: Utah Pasifika Festival
  url: http://utahpasifikafestival.com/
  location: Provo
  price: vendors
  tags:
    - indoor
    - outdoor
  when:
    - 2018-05-25
    - 2018-05-26
    - 2018-05-27

#------------------------------------------------------------
# Highland Fling
#------------------------------------------------------------
- name: Disc Golf Tournament
  partof: Highland Fling
  url: http://www.highlandcity.org/index.aspx?NID=314
  location: Highland
  price: [20, 35]
  tags:
    - outdoor
    - active
  when:
    - 2018-07-30
- name: Movie in the Park
  partof: Highland Fling
  url: http://www.highlandcity.org/index.aspx?NID=314
  location: Highland
  price: vendors
  tags:
    - outdoor
    - sitting
  when:
    - 2018-07-30
- name: Kids Night
  partof: Highland Fling
  url: http://www.highlandcity.org/index.aspx?NID=314
  location: Highland
  price: vendors
  tags:
    - outdoor
    - active
  when:
    - 2018-08-01
- name: Family Adventure Race
  partof: Highland Fling
  url: http://www.highlandcity.org/index.aspx?NID=314
  location: Highland
  price: 25
  tags:
    - outdoor
    - active
  when:
    - 2018-07-28
- name: Strongman Competition
  partof: Highland Fling
  url: http://www.highlandcity.org/index.aspx?NID=314
  location: Highland
  price: [0, 35]
  tags:
    - outdoor
    - baby-friendly
    - sitting
  when:
    - 2018-08-03
    - 2018-08-04
- name: Youth Night
  partof: Highland Fling
  url: http://www.highlandcity.org/index.aspx?NID=314
  location: Highland
  price: free
  minage: high school
  tags:
    - outdoor
    - baby-friendly
    - sitting
  when:
    - 2018-08-03
- name: Highland Fling
  url: http://www.highlandcity.org/index.aspx?NID=314
  location: Highland
  price: vendors
  tags:
    - indoor
    - outdoor
    - baby-friendly
    - sitting
    - active
  when:
    - 2018-08-04
#------------------------------------------------------------
# Eagle Mountain Pony Express Days 2018
#------------------------------------------------------------
- name: Rodeo
  partof: Pony Express Days
  url: http://eaglemountaincity.com/community/pony-express-days
  location: Eagle Mountain
  price: yes
  tags:
    - outdoor
    - sitting
  when:
    - May 25, 2018
    - May 26, 2018
    - May 28, 2018
- name: Family fun night & outdoor movie
  partof: Pony Express Days
  url: http://eaglemountaincity.com/community/pony-express-days
  location: Eagle Mountain
  price: vendors
  tags:
    - outdoor
    - baby-friendly
    - sitting
    - active
  when:
- name: Carnival
  partof: Pony Express Days
  url: http://eaglemountaincity.com/community/pony-express-days
  location: Eagle Mountain
  price: vendors
  tags:
    - outdoor
    - baby-friendly
    - active
  when:
    - May 31, 2018
    - Jun 1, 2018
    - Jun 2, 2018
- name: Fireworks
  partof: Pony Express Days
  url: http://eaglemountaincity.com/community/pony-express-days
  location: Eagle Mountain
  price: free
  tags:
    - outdoor
    - baby-friendly
    - sitting
    - active
  when:
    - Jun 2, 2018
- name: Parade
  partof: Pony Express Days
  url: http://eaglemountaincity.com/community/pony-express-days
  location: Eagle Mountain
  price: free
  tags:
    - outdoor
    - baby-friendly
    - sitting
    - active
  when:
    - Jun 2, 2018
- name: Demolition Derby
  partof: Pony Express Days
  url: http://eaglemountaincity.com/community/pony-express-days
  location: Eagle Mountain
  price: [5, 15]
  tags:
    - outdoor
    - sitting
  when:
    - Jun 2, 2018

#------------------------------------------------------------
# Orem Summerfest 2018
#------------------------------------------------------------
- name: Family Storytelling Concert
  url: https://timpfest.org/events/orem-summerfest-family-storytelling-concert/
  partof: Summerfest
  location: Orem
  when:
    - 2018-06-04
  price: free
  tags:
    - sitting
- name: Fireworks
  partof: Summerfest
  url: https://summerfest.orem.org/events/
  location: Orem
  price: vendors
  tags:
    - outdoor
    - sitting
    - active
  when:
    - Saturday, June 9th
- name: Parade
  partof: Summerfest
  url: https://summerfest.orem.org/events/
  location: Orem
  price: vendors
  tags:
    - outdoor
    - sitting
  when:
    - Saturday, June 9th
- name: Kids Crafts
  partof: Summerfest
  url: https://summerfest.orem.org/kids-crafts/
  location: Orem
  price: free
  tags:
    - outdoor
    - active
  when:
    - Fri. June 8
    - Sat. June 9
- name: Carnival
  partof: Summerfest
  url: https://summerfest.orem.org/events/
  location: Orem
  price: vendors
  tags:
    - outdoor
    - sitting
    - active
  when:
    - Thurs. June 7
    - Fri. June 8
    - Sat. June 9
- name: Concert - Jenny Oaks Baker+
  partof: Summerfest
  url: https://scera.org/events/jenny-oaks-baker-family-four-with-dallyn-vail-bayles-the-utah-valley-symphony/
  location: Orem
  price: vendors
  tags:
    - outdoor
    - sitting
  when:
    - Jun 6, 2018

#------------------------------------------------------------
# Deer Valley Music Festival 2018
#------------------------------------------------------------
- name: Patriotic Celebration starring Rachel Potter
  url: https://my.usuo.org/single/PSDetail.aspx?psn=20733
  location: Park City
  price: yes
  tags:
    - outdoor
    - sitting
    - music
  when:
    - Saturday, June 30
- name: "Disney in Concert: A Silly Symphony Celebration"
  url: https://my.usuo.org/single/PSDetail.aspx?psn=20920
  location: Park City
  price: yes
  tags:
    - outdoor
    - sitting
    - music
  when:
    - Friday, July 6
- name: Broadway Hits by Stephen Sondheim and Andrew Lloyd Webber
  url: https://my.usuo.org/single/PSDetail.aspx?psn=20921
  location: Park City
  price: yes
  tags:
    - outdoor
    - sitting
    - music
  when:
    - Saturday, July 7
- name: Mozart's Violin Concerto No. 5
  url: https://my.usuo.org/single/PSDetail.aspx?psn=20951
  location: Park City
  price: yes
  tags:
    - indoor
    - sitting
    - music
  when:
    - Wednesday, July 11
- name: "ABBA The Concert: A Tribute to ABBA with the Utah Symphony"
  url: https://my.usuo.org/single/PSDetail.aspx?psn=20925
  location: Park City
  price: yes
  tags:
    - outdoor
    - sitting
    - music
  when:
    - Friday, July 13
- name: Ricky Skaggs & Kentucky Thunder with the Utah Symphony
  url: https://my.usuo.org/single/PSDetail.aspx?psn=20924
  location: Park City
  price: yes
  tags:
    - outdoor
    - sitting
    - music
  when:
    - Saturday, July 14
- name: |
    Mozart's "Jupiter" Symphony
  url: https://my.usuo.org/single/PSDetail.aspx?psn=20955
  location: Park City
  price: yes
  tags:
    - indoor
    - sitting
    - music
  when:
    - Wednesday, July 18
- name: Rick Springfield with the Utah Symphony
  url: https://my.usuo.org/single/PSDetail.aspx?psn=20926
  location: Park City
  price: yes
  tags:
    - outdoor
    - sitting
    - music
  when:
    - Friday, July 20
- name: Kristin Chenoweth with the Utah Symphony
  url: https://my.usuo.org/single/PSDetail.aspx?psn=20927
  location: Park City
  price: yes
  tags:
    - outdoor
    - sitting
    - music
  when:
    - Saturday, July 21
- name: Beethoven's Symphony No. 1
  url: https://my.usuo.org/single/PSDetail.aspx?psn=20956
  location: Park City
  price: yes
  tags:
    - indoor
    - sitting
    - music
  when:
    - Wednesday, July 25
- name: Amos Lee with the Utah Symphony
  url: https://my.usuo.org/single/PSDetail.aspx?psn=20928
  location: Park City
  price: yes
  tags:
    - outdoor
    - sitting
    - music
  when:
    - Friday, July 27
- name: The Music of John Williams
  url: https://my.usuo.org/single/PSDetail.aspx?psn=20931
  location: Park City
  price: yes
  tags:
    - outdoor
    - sitting
    - music
  when:
    - Saturday, July 28
- name: Fremont String Quartet
  url: https://my.usuo.org/single/PSDetail.aspx?psn=20957
  location: Park City
  price: yes
  tags:
    - indoor
    - sitting
    - music
  when:
    - Wednesday, August 1
- name: "The '70s vs. The '80s"
  url: https://my.usuo.org/single/PSDetail.aspx?psn=20930
  location: Park City
  price: yes
  tags:
    - outdoor
    - sitting
    - music
  when:
    - Friday, August 3
- name: Big Bad Voodoo Daddy
  url: http://my.usuo.org/single/EventDetail.aspx?p=21264
  location: Park City
  price: yes
  tags:
    - outdoor
    - sitting
    - music
  when:
    - Saturday, August 4
- name: Festival 15th Anniversary Celebration
  url: http://www.deervalleymusicfestival.org/2018barnbash
  location: Blue Sky Ranch
  price: yes
  tags:
  when:
    - Thursday, August 9
- name: Tchaikovsky's 1812 Overture and Violin Concerto
  url: https://my.usuo.org/single/PSDetail.aspx?psn=20737
  location: Park City
  price: yes
  tags:
    - outdoor
    - sitting
    - music
  when:
    - Friday, August 10
- name: The Utah Symphony performs The Music of Pink Floyd
  url: https://my.usuo.org/single/PSDetail.aspx?psn=20932
  location: Park City
  price: yes
  tags:
    - outdoor
    - sitting
    - music
  when:
    - Saturday, August 11


#------------------------------------------------------------
# Freedom Festival 2018
#------------------------------------------------------------
- name: Baby Contest
  partof: Freedom Festival
  url: https://www.freedomfestival.org/event/baby-contest/
  location: Orem
  price: 12
  tags:
    - indoor
    - sitting
  when:
    - 2018-06-09

- name: Flag Retirement Ceremony
  partof: Freedom Festival
  url: https://www.freedomfestival.org/event/flag-retirement-ceremony/
  location: Provo
  price: free
  tags:
    - outdoor
    - sitting
    - baby-friendly
  when:
    - 2018-06-14

- name: Carillon Concert
  partof: Freedom Festival
  url: https://www.freedomfestival.org/event/carillon-concert/
  location: Provo
  price: free
  tags:
    - outdoor
    - sitting
    - baby-friendly
    - music
  when:
    - 2018-06-22

- name: Firecracker Softball Tournament
  partof: Freedom Festival
  url: https://www.freedomfestival.org/event/firecracker-softball-tournament/
  location: Provo
  price: [0, 250]
  tags:
    - outdoor
    - baby-friendly
    - sitting
    - active
  when:
    - 2018-06-15
    - 2018-06-16
    - 2018-06-22
    - 2018-06-13

- name: Stars and Stripes Beach Party at Riverwoods
  partof: Freedom Festival
  url: https://www.freedomfestival.org/event/party-at-riverwoods/
  location: Provo
  price: free
  tags:
    - outdoor
    - active
    - baby-friendly
  when:
    - 2018-06-23

- name: Bluegrassroots Timpanogos Folk Festival
  partof: Freedom Festival
  url: https://www.freedomfestival.org/event/bluegrassroots-timpanogos-folk-festival/
  location: Provo
  price: [8,10]
  tags:
    - outdoor
    - sitting
    - music
  when:
    - 2018-06-29
    - 2018-06-30

- name: Children's Parade
  partof: Freedom Festival
  url: https://www.freedomfestival.org/event/childrens-parade/
  location: Provo
  price: free
  tags:
    - outdoor
    - active
    - sitting
    - baby-friendly
  when:
    - 2018-06-30

- name: Patriotic Service
  partof: Freedom Festival
  url: https://www.freedomfestival.org/event/patriotic-service/
  location: Provo
  price: free
  tags:
    - indoor
    - sitting
  when:
    - 2018-07-01

- name: Clog America
  partof: Freedom Festival
  url: https://www.freedomfestival.org/event/clog-america/
  location: Orem
  price: [7, 10]
  tags:
    - indoor
    - sitting
    - dance
  when:
    - 2018-07-02

- name: Military Outpost
  partof: Freedom Festival
  url: https://www.freedomfestival.org/event/military-outpost/
  location: Orem
  price: vendors
  tags:
    - outdoor
    - active
    - sitting
    - baby-friendly
  when:
    - 2018-07-02
    - 2018-07-03
    - 2018-07-04

- name: Freedom Days Carnival
  partof: Freedom Festival
  url: https://www.freedomfestival.org/event/freedom-days/
  location: Provo
  price: vendors
  tags:
    - outdoor
    - active
  when:
    - 2018-07-02
    - 2018-07-03
    - 2018-07-04

- name: Balloon Fest
  partof: Freedom Festival
  url: https://www.freedomfestival.org/event/balloon-fest/
  location: Provo
  price: free
  tags:
    - outdoor
    - active
    - sitting
  when:
    - 2018-07-02
    - 2018-07-03
    - 2018-07-04

- name: Grand Parade
  partof: Freedom Festival
  url: https://www.freedomfestival.org/event/grand-parade/
  location: Provo
  price: free
  tags:
    - outdoor
    - sitting
  when:
    - 2018-07-04

- name: Colonial Fest
  partof: Freedom Festival
  url: https://www.freedomfestival.org/event/colonial-fest/
  location: Orem
  price: vendors
  tags:
    - outdoor
    - active
    - sitting
  when:
    - 2018-07-02
    - 2018-07-03
    - 2018-07-04

- name: Fine Art Show
  partof: Freedom Festival
  url: https://www.freedomfestival.org/event/fine-art-show/
  location: Provo
  price: free
  tags:
    - indoor
  when:
    - 2018-07-02
    - 2018-07-03
    - 2018-07-04

- name: Cries of Freedom
  partof: Freedom Festival
  url: https://www.freedomfestival.org/event/cries-of-freedom-and-the-walk-of-freedom/
  location: Orem
  price: free
  tags:
    - indoor
    - sitting
  when:
    - 2018-07-02
    - 2018-07-03
    - 2018-07-04

- name: Stadium of Fire
  partof: Freedom Festival
  url: https://www.freedomfestival.org/event/stadium-of-fire/
  location: Provo
  price: yes
  tags:
    - outdoor
    - sitting
    - music
  when:
    - 2018-07-04

#------------------------------------------------------------
# Summer Festivals 2018
#------------------------------------------------------------
- name: Timpanogos Storytelling Festival
  url: https://timpfest.org/
  location: Lehi
  price: yes
  tags:
    - outdoor
    - baby-friendly
    - sitting
  when:
    - 2018-09-06
    - 2018-09-07
    - 2018-09-08
- name: Swiss Days
  url: https://midwayswissdays.com/
  location: Midway
  price: vendors
  tags:
    - outdoor
    - baby-friendly
    - sitting
    - active
  when:
    - 2018-08-31
    - 2018-09-01
- name: Sheepdog Championship & Festival
  url: https://soldierhollowclassic.com/
  location: Midway
  price: [0, 17]
  tags:
    - outdoor
    - sitting
    - active
    - baby-friendly
  when:
    - 2018-08-31
    - 2018-09-01
- name: Full moon lift ride
  url: https://www.sundanceresort.com/mountain-activities/full-moon-lift-rides/
  location: Sundance
  price: [17, 20]
  tags:
    - outdoor
    - sitting
  separate: true
  when:
    - 2018-05-26
    - 2018-06-29
    - 2018-06-30
    - 2018-07-27
    - 2018-07-28
    - 2018-08-24
    - 2018-08-25
    - 2018-09-20
    - 2018-09-21
    - 2018-09-22
- name: 'Oklahoma!'
  url: https://www.sundanceresort.com/events/summer-theatre/
  location: Sundance
  price: [26,38]
  tags:
    - outdoor
    - sitting
    - theater
  when:
    - 2018-07-19
    - 2018-07-20
    - 2018-07-21
    - 2018-07-23
    - 2018-07-26
    - 2018-07-27
    - 2018-07-28
    - 2018-07-30
    - 2018-08-02
    - 2018-08-03
    - 2018-08-04
    - 2018-08-06
    - 2018-08-09
    - 2018-08-10
    - 2018-08-11
- name: Provo Farmer's Market
  url: http://www.provofarmersmarket.com/
  location: Provo
  price: vendors
  when:
  tags:
    - outdoor
    - baby-friendly
    - active
  when:
    - 2018-06-02
    - 2018-06-09
    - 2018-06-16
    - 2018-06-23
    - 2018-06-30
    - 2018-07-07
    - 2018-07-14
    - 2018-07-21
    - 2018-07-28
    - 2018-08-04
    - 2018-08-11
    - 2018-08-18
    - 2018-08-25
    - 2018-09-01
    - 2018-09-08
    - 2018-09-15
    - 2018-09-22
    - 2018-09-29
    - 2018-10-06
    - 2018-10-13
    - 2018-10-20
    - 2018-10-27
- name: Orem Owlz Baseball Game
  url: http://www.milb.com/tickets/tickets.jsp?sid=t519
  location: Orem
  price: [6, 11]
  tags:
    - sitting
    - outdoor
    - baby-friendly
  when:
    - 2018-06-22
    - 2018-06-23
    - 2018-06-24
    - 2018-06-24
    - 2018-06-26
    - 2018-06-29
    - 2018-06-30
    - 2018-07-01
    - 2018-07-01
    - 2018-07-03
    - 2018-07-04
    - 2018-07-08
    - 2018-07-08
    - 2018-07-19
    - 2018-07-20
    - 2018-07-21
    - 2018-07-22
    - 2018-07-22
    - 2018-07-24
    - 2018-07-25
    - 2018-07-31
    - 2018-08-01
    - 2018-08-02
    - 2018-08-10
    - 2018-08-11
    - 2018-08-12
    - 2018-08-12
    - 2018-08-14
    - 2018-08-15
    - 2018-08-16
    - 2018-08-25
    - 2018-08-26
    - 2018-08-28
    - 2018-08-29
    - 2018-08-30
    - 2018-08-31
    - 2018-09-06
    - 2018-09-07

#------------------------------------------------------------
# Hale Center Theater 2018
#------------------------------------------------------------
- name: "The Sound of Music"
  partof: HCT Youth
  location: Orem
  tags:
    - indoor
    - baby-friendly
    - sitting
    - theater
  price: [7, 9]
  url: http://webticketing.haletheater.org/showdates.php?s_id=463
  when:
    - 2018-05-18
    - 2018-05-19
    - 2018-05-21
    - 2018-05-22
    - 2018-05-23
    - 2018-05-24
    - 2018-05-25
- name: "Aladdin Jr."
  partof: HCT Youth
  location: Orem
  url: http://webticketing.haletheater.org/showdates.php?s_id=464
  price: [5, 9]
  tags:
    - indoor
    - baby-friendly
    - sitting
    - theater
  when:
    - 2018-07-23
    - 2018-07-24
    - 2018-07-25
    - 2018-07-26
    - 2018-07-27
    - 2018-07-30
    - 2018-07-31
    - 2018-08-01
    - 2018-08-02
    - 2018-08-03
- name: "The Velveteen Rabbit"
  partof: HCT Youth
  location: Orem
  url: http://webticketing.haletheater.org/showdates.php?s_id=465
  price: [5,9]
  tags:
    - indoor
    - baby-friendly
    - sitting
    - theater
  when:
    - 2018-10-22
    - 2018-10-26
    - 2018-10-29
    - 2018-11-02
    - 2018-11-05
    - 2018-11-09
- name: "A Christmas Carol - Youth Edition"
  partof: HCT Youth
  location: Orem
  url: http://webticketing.haletheater.org/showdates.php?s_id=466
  price: [7,9]
  tags:
    - indoor
    - baby-friendly
    - sitting
    - theater
  when:
    - 2018-11-28
    - 2018-11-29
    - 2018-11-30
    - 2018-12-01
- name: BYU Baseball
  location: Provo
  url: https://byucougars.com/schedule/baseball/2018
  price: [6,10]
  tags:
    - outdoor
    - baby-friendly
    - sitting
  when:
    - 2018-05-17
    - 2018-05-18
    - 2018-05-19
- name: "Sense & Sensibility"
  partof: Hale Center Theater
  location: Orem
  url: http://webticketing.haletheater.org/showdates.php?s_id=455
  price: [16, 24]
  minage: 4
  tags:
    - indoor
    - sitting
    - theater
  when:
    - 2018-05-16
    - 2018-05-17
    - 2018-05-18
    - 2018-05-19
    - 2018-05-19
    - 2018-05-21
    - 2018-05-22
    - 2018-05-23
    - 2018-05-24
    - 2018-05-25
    - 2018-05-26
    - 2018-05-26
    - 2018-05-26
    - 2018-05-28
    - 2018-05-28
    - 2018-05-29
    - 2018-05-29
    - 2018-05-30
    - 2018-05-30
    - 2018-05-31
    - 2018-05-31
    - 2018-06-01
    - 2018-06-01
    - 2018-06-02
    - 2018-06-02
    - 2018-06-02
- name: "Annie"
  partof: Hale Center Theater
  location: Orem
  url: http://webticketing.haletheater.org/showdates.php?s_id=456
  price: [14, 24]
  minage: 4
  tags:
    - indoor
    - sitting
    - theater
  when:
    - 2018-06-11
    - 2018-06-12
    - 2018-06-13
    - 2018-06-14
    - 2018-06-15
    - 2018-06-16
    - 2018-06-16
    - 2018-06-18
    - 2018-06-19
    - 2018-06-20
    - 2018-06-21
    - 2018-06-22
    - 2018-06-23
    - 2018-06-23
    - 2018-06-25
    - 2018-06-26
    - 2018-06-27
    - 2018-06-28
    - 2018-06-29
    - 2018-06-30
    - 2018-06-30
    - 2018-07-02
    - 2018-07-03
    - 2018-07-05
    - 2018-07-06
    - 2018-07-07
    - 2018-07-07
    - 2018-07-07
    - 2018-07-09
    - 2018-07-10
    - 2018-07-11
    - 2018-07-12
    - 2018-07-13
    - 2018-07-14
    - 2018-07-14
    - 2018-07-14
    - 2018-07-16
    - 2018-07-17
    - 2018-07-18
    - 2018-07-19
    - 2018-07-20
    - 2018-07-21
    - 2018-07-21
    - 2018-07-21
    - 2018-07-23
    - 2018-07-24
    - 2018-07-25
    - 2018-07-26
    - 2018-07-27
    - 2018-07-28
    - 2018-07-28
    - 2018-07-28
    - 2018-07-30
    - 2018-07-31
    - 2018-08-01
    - 2018-08-02
    - 2018-08-03
    - 2018-08-04
    - 2018-08-04
    - 2018-08-04
    - 2018-08-06
    - 2018-08-07
    - 2018-08-08
    - 2018-08-09
    - 2018-08-10
    - 2018-08-11
    - 2018-08-11
    - 2018-08-11
